,candidate1,candidate2,party1,party2,share1,share2,district,name_woman1,party_woman1,result_woman1,state,status_woman1,name_woman2,party_woman2,result_woman2,status_woman2
0,Bradley Byrne,Robert Kennedy Jr.,Republican,Democratic,63.1,36.8,AL-01,,,,,,,,,
1,Martha Roby,Tabitha Isner,Republican,Democratic,61.4,38.4,AL-02,Martha Roby,Republican,WON,AL,I,Tabitha Kay Isner,Democratic,Lost,C
2,Mike Rogers,Mallory Hagan,Republican,Democratic,63.7,36.2,AL-03,Mallory Hytes Hagan,Democratic,Lost,AL,C,,,,
3,Robert Aderholt,Lee Auman,Republican,Democratic,79.8,20.1,AL-04,,,,,,,,,
4,Mo Brooks,Peter Joffrion,Republican,Democratic,61.0,38.9,AL-05,,,,,,,,,
5,Gary Palmer,Danner Kline,Republican,Democratic,69.2,30.8,AL-06,,,,,,,,,
6,Terri Sewell,Write-ins,Democratic,Other,97.8,2.2,AL-07,Terri A. Sewell,Democratic,WON,AL,I,,,,
7,Don Young,Alyse Galvin,Republican,Other,53.1,46.5,AK-00,Alyse E. Galvin,Democratic,Lost,AK,C,,,,
8,Tom O'Halleran,Wendy Rogers,Democratic,Republican,53.8,46.1,AZ-01,Wendy Rogers,Republican,Lost,AZ,C,,,,
9,Ann Kirkpatrick,Lea Márquez Peterson,Democratic,Republican,54.7,45.2,AZ-02,Ann L. Kirkpatrick,Democratic,WON,AZ,O,Lea Marquez Peterson,Republican,Lost,O
10,Raúl Grijalva,Nicolas Pierson,Democratic,Republican,63.9,36.1,AZ-03,,,,,,,,,
11,Paul Gosar,David Brill,Republican,Democratic,68.2,30.5,AZ-04,,,,,,,,,
12,Andy Biggs,Joan Greene,Republican,Democratic,59.4,40.6,AZ-05,Joan Greene,Democratic,Lost,AZ,C,,,,
13,David Schweikert,Anita Malik,Republican,Democratic,55.2,44.8,AZ-06,Anita Malik,Democratic,Lost,AZ,C,,,,
14,Ruben Gallego,Gary Swing,Democratic,Other,85.6,14.2,AZ-07,,,,,,,,,
15,Greg Stanton,Steve Ferrara,Democratic,Republican,61.1,38.9,AZ-09,,,,,,,,,
16,Rick Crawford,Chintan Desai,Republican,Democratic,68.9,28.8,AR-01,,,,,,,,,
17,French Hill,Clarke Tucker,Republican,Democratic,52.1,45.8,AR-02,,,,,,,,,
18,Steve Womack,Joshua Mahony,Republican,Democratic,64.7,32.6,AR-03,,,,,,,,,
19,Bruce Westerman,Hayden Shamel,Republican,Democratic,66.7,31.2,AR-04,Hayden C. Shamel,Democratic,Lost,AR,C,,,,
20,Doug LaMalfa,Audrey Denney,Republican,Democratic,54.9,45.1,CA-01,Audrey Denney,Democratic,Lost,CA,C,,,,
21,Josh Harder,Jeff Denham,Democratic,Republican,52.3,47.7,CA-10,,,,,,,,,
22,Mark DeSaulnier,John Fitzgerald,Democratic,Republican,74.1,25.9,CA-11,,,,,,,,,
23,Nancy Pelosi,Lisa Remmer,Democratic,Republican,86.8,13.2,CA-12,Nancy Pelosi,Democratic,WON,CA,I,Lisa Remmer,Republican,Lost,C
24,Barbara Lee,Laura Wells,Democratic,Other,88.4,11.6,CA-13,Barbara J. Lee,Democratic,WON,CA,I,,,,
25,Jackie Speier,Cristina Osmeña,Democratic,Republican,79.2,20.8,CA-14,Jackie Speier,Democratic,WON,CA,I,Cristina Osmena,Republican,Lost,C
26,Eric Swalwell,Rudy Peters,Democratic,Republican,73.0,27.0,CA-15,,,,,,,,,
27,Jim Costa,Elizabeth Heng,Democratic,Republican,57.5,42.5,CA-16,Elizabeth Heng,Republican,Lost,CA,C,,,,
28,Ro Khanna,Ron Cohen,Democratic,Republican,75.3,24.7,CA-17,,,,,,,,,
29,Anna Eshoo,Christine Russell,Democratic,Republican,74.5,25.5,CA-18,Anna G. Eshoo,Democratic,WON,CA,I,Christine Russell,Republican,Lost,C
30,Zoe Lofgren,Justin James Aguilera,Democratic,Republican,73.8,26.2,CA-19,Zoe Lofgren,Democratic,WON,CA,I,,,,
31,Jared Huffman,Dale K. Mensing,Democratic,Republican,77.0,23.0,CA-02,,,,,,,,,
32,Jimmy Panetta,Ronald Paul Kabat,Democratic,Other,81.4,18.6,CA-20,,,,,,,,,
33,TJ Cox,David Valadao,Democratic,Republican,50.4,49.6,CA-21,,,,,,,,,
34,Devin Nunes,Andrew Janz,Republican,Democratic,52.8,47.2,CA-22,,,,,,,,,
35,Kevin McCarthy,Tatiana Matta,Republican,Democratic,63.7,36.3,CA-23,Tatiana Matta,Democratic,Lost,CA,C,,,,
36,Salud Carbajal,Justin Fareed,Democratic,Republican,58.6,41.4,CA-24,,,,,,,,,
37,Katie Hill,Steve Knight,Democratic,Republican,54.4,45.6,CA-25,Katherine L. Hill,Democratic,WON,CA,C,,,,
38,Julia Brownley,Antonio Sabàto Jr.,Democratic,Republican,61.9,38.1,CA-26,Julia Brownley,Democratic,WON,CA,I,,,,
39,Judy Chu,Bryan Witt,Democratic,Democratic,79.2,20.8,CA-27,Judy Chu,Democratic,WON,CA,I,,,,
40,Adam Schiff,Johnny Nalbandian,Democratic,Republican,78.4,21.6,CA-28,,,,,,,,,
41,Tony Cárdenas,Benito Benny Bernal,Democratic,Republican,80.6,19.4,CA-29,,,,,,,,,
42,John Garamendi,Charlie Schaupp,Democratic,Republican,58.1,41.9,CA-03,,,,,,,,,
43,Brad Sherman,Mark Reed,Democratic,Republican,73.4,26.6,CA-30,,,,,,,,,
44,Pete Aguilar,Sean Flynn,Democratic,Republican,58.7,41.3,CA-31,,,,,,,,,
45,Grace Napolitano,Joshua M. Scott,Democratic,Republican,68.8,31.2,CA-32,Grace F. Napolitano,Democratic,WON,CA,I,,,,
46,Ted Lieu,Kenneth Wright,Democratic,Republican,70.0,30.0,CA-33,,,,,,,,,
47,Jimmy Gomez,Kenneth Mejia,Democratic,Other,72.5,27.5,CA-34,,,,,,,,,
48,Norma Torres,Christian Valiente,Democratic,Republican,69.4,30.6,CA-35,Norma J. Torres,Democratic,WON,CA,I,,,,
49,Raul Ruiz,Kimberlin Brown Pelzer,Democratic,Republican,59.0,41.0,CA-36,Kimberlin Brown Pelzer,Republican,Lost,CA,C,,,,
50,Karen Bass,Ron J. Bassilian,Democratic,Republican,89.1,10.9,CA-37,Karen R. Bass,Democratic,WON,CA,I,,,,
51,Linda Sánchez,Ryan Downing,Democratic,Republican,68.9,31.1,CA-38,Linda T. Sanchez,Democratic,WON,CA,I,,,,
52,Gil Cisneros,Young Kim,Democratic,Republican,51.6,48.4,CA-39,Young Kim,Republican,Lost,CA,O,,,,
53,Tom McClintock,Jessica Morse,Republican,Democratic,54.1,45.9,CA-04,Jessica Morse,Democratic,Lost,CA,C,,,,
54,Lucille Roybal-Allard,Rodolfo Cortes Barragan,Democratic,Other,77.3,22.7,CA-40,Lucille Roybal-Allard,Democratic,WON,CA,I,,,,
55,Mark Takano,Aja Smith,Democratic,Republican,65.1,34.9,CA-41,Aja Smith,Republican,Lost,CA,C,,,,
56,Ken Calvert,Julia C. Peacock,Republican,Democratic,56.5,43.5,CA-42,Julia C. Peacock,Democratic,Lost,CA,C,,,,
57,Maxine Waters,Omar Navarro,Democratic,Republican,77.7,22.3,CA-43,Maxine Waters,Democratic,WON,CA,I,,,,
58,Nanette Barragán,Aja Brown,Democratic,Democratic,68.3,31.7,CA-44,Nanette Diaz Barragan,Democratic,WON,CA,I,Aja Brown,Democratic,Lost,C
59,Katie Porter,Mimi Walters,Democratic,Republican,52.1,47.9,CA-45,Mimi Walters,Republican,Lost,CA,I,Katherine Porter,Democratic,WON,C
60,Lou Correa,Russell Rene Lambert,Democratic,Republican,69.1,30.9,CA-46,,,,,,,,,
61,Alan Lowenthal,John Briscoe,Democratic,Republican,64.9,35.1,CA-47,,,,,,,,,
62,Harley Rouda,Dana Rohrabacher,Democratic,Republican,53.6,46.4,CA-48,,,,,,,,,
63,Mike Levin,Diane Harkey,Democratic,Republican,56.4,43.6,CA-49,Diane L. Harkey,Republican,Lost,CA,O,,,,
64,Mike Thompson,Anthony Mills,Democratic,Other,78.9,21.1,CA-05,,,,,,,,,
65,Duncan D. Hunter,Ammar Campa-Najjar,Republican,Democratic,51.7,48.3,CA-50,,,,,,,,,
66,Juan Vargas,Juan M. Hidalgo Jr.,Democratic,Republican,71.2,28.8,CA-51,,,,,,,,,
67,Scott Peters,Omar Qudrat,Democratic,Republican,63.8,36.2,CA-52,,,,,,,,,
68,Susan Davis,Morgan Murtaugh,Democratic,Republican,69.1,30.9,CA-53,Susan A. Davis,Democratic,WON,CA,I,Morgan Murtaugh,Republican,Lost,C
69,Doris Matsui,Jrmar Jefferson,Democratic,Democratic,80.4,19.6,CA-06,Doris O. Matsui,Democratic,WON,CA,I,,,,
70,Ami Bera,Andrew Grant,Democratic,Republican,55.0,45.0,CA-07,,,,,,,,,
71,Paul Cook,Tim Donnelly,Republican,Republican,60.0,40.0,CA-08,,,,,,,,,
72,Jerry McNerney,Marla Livengood,Democratic,Republican,56.5,43.5,CA-09,Marla Livengood,Republican,Lost,CA,C,,,,
73,Diana DeGette,Casper Stockham,Democratic,Republican,73.8,23.1,CO-01,Diana L. DeGette,Democratic,WON,CO,I,,,,
74,Joe Neguse,Peter Yu,Democratic,Republican,60.3,33.6,CO-02,,,,,,,,,
75,Scott Tipton,Diane Mitsch Bush,Republican,Democratic,51.5,43.6,CO-03,Diane E. Mitsch Bush,Democratic,Lost,CO,C,,,,
76,Ken Buck,Karen McCormick,Republican,Democratic,60.6,39.4,CO-04,Karen A. McCormick,Democratic,Lost,CO,C,,,,
77,Doug Lamborn,Stephany Rose Spaulding,Republican,Democratic,57.0,39.3,CO-05,Stephany Rose Spaulding,Democratic,Lost,CO,C,,,,
78,Jason Crow,Mike Coffman,Democratic,Republican,54.1,42.9,CO-06,,,,,,,,,
79,Ed Perlmutter,Mark Barrington,Democratic,Republican,60.4,35.4,CO-07,,,,,,,,,
80,John Larson,Jennifer Nye,Democratic,Republican,63.9,35.0,CT-01,Jennifer T. Nye,Republican,Lost,CT,C,,,,
81,Joe Courtney,Dan Postemski,Democratic,Republican,62.2,35.5,CT-02,,,,,,,,,
82,Rosa DeLauro,Angel Cadena,Democratic,Republican,64.6,35.4,CT-03,Rosa L. DeLauro,Democratic,WON,CT,I,,,,
83,Jim Himes,Harry Arora,Democratic,Republican,61.2,38.8,CT-04,,,,,,,,,
84,Jahana Hayes,Manny Santos,Democratic,Republican,55.9,44.1,CT-05,Jahana Hayes,Democratic,WON,CT,O,,,,
85,Lisa Blunt Rochester,Scott Walker,Democratic,Republican,64.5,35.5,DE-00,Lisa Blunt Rochester,Democratic,WON,DE,I,,,,
86,Matt Gaetz,Jennifer M. Zimmerman,Republican,Democratic,67.1,32.9,FL-01,Jennifer Zimmerman,Democratic,Lost,FL,C,,,,
87,Val Demings,,Democratic,,100.0,0.0,FL-10,Val B. Demings,Democratic,WON,FL,I,,,,
88,Daniel Webster,Dana Cottrell,Republican,Democratic,65.2,34.8,FL-11,Dana Cottrell,Democratic,Lost,FL,C,,,,
89,Gus Bilirakis,Chris Hunter,Republican,Democratic,58.1,39.7,FL-12,,,,,,,,,
90,Charlie Crist,George Buck,Democratic,Republican,57.6,42.4,FL-13,,,,,,,,,
91,Kathy Castor,,Democratic,,100.0,0.0,FL-14,Kathy A. Castor,Democratic,WON,FL,I,,,,
92,Ross Spano,Kristen Carlson,Republican,Democratic,53.0,47.0,FL-15,Kristen Carlson,Democratic,Lost,FL,O,,,,
93,Vern Buchanan,David Shapiro,Republican,Democratic,54.6,45.4,FL-16,,,,,,,,,
94,Greg Steube,Allen Ellison,Republican,Democratic,62.3,37.7,FL-17,,,,,,,,,
95,Brian Mast,Lauren Baer,Republican,Democratic,54.3,45.7,FL-18,Lauren Baer,Democratic,Lost,FL,C,,,,
96,Francis Rooney,David Holden,Republican,Democratic,62.3,37.7,FL-19,,,,,,,,,
97,Neal Dunn,Bob Rackleff,Republican,Democratic,67.4,32.6,FL-02,,,,,,,,,
98,Alcee Hastings,Jay Bonner (write-in),Democratic,Other,99.9,0.1,FL-20,,,,,,,,,
99,Lois Frankel,,Democratic,,100.0,0.0,FL-21,Lois J. Frankel,Democratic,WON,FL,I,,,,
100,Ted Deutch,Nicolas Kimaz,Democratic,Republican,62.0,38.0,FL-22,,,,,,,,,
101,Debbie Wasserman Schultz,Joe Kaufman,Democratic,Republican,58.5,36.0,FL-23,Debbie Wasserman Schultz,Democratic,WON,FL,I,,,,
102,Frederica Wilson,,Democratic,,100.0,0.0,FL-24,Frederica S. Wilson,Democratic,WON,FL,I,,,,
103,Mario Diaz-Balart,Mary Barzee Flores,Republican,Democratic,60.4,39.6,FL-25,Mary Barzee Flores,Democratic,Lost,FL,C,,,,
104,Debbie Mucarsel-Powell,Carlos Curbelo,Democratic,Republican,50.9,49.1,FL-26,Debbie Mucarsel-Powell,Democratic,WON,FL,C,,,,
105,Donna Shalala,Maria Elvira Salazar,Democratic,Republican,51.8,45.8,FL-27,Donna Shalala,Democratic,WON,FL,O,Maria E. Salazar,Republican,Lost,O
106,Ted Yoho,Yvonne Hayes Hinson,Republican,Democratic,57.6,42.4,FL-03,Yvonne Hayes Hinson,Democratic,Lost,FL,C,,,,
107,John Rutherford,Ges Selmont,Republican,Democratic,65.2,32.3,FL-04,,,,,,,,,
108,Al Lawson,Virginia Fuller,Democratic,Republican,66.8,33.2,FL-05,Virginia Fuller,Republican,Lost,FL,C,,,,
109,Michael Waltz,Nancy Soderberg,Republican,Democratic,56.3,43.7,FL-06,Nancy E. Soderberg,Democratic,Lost,FL,O,,,,
110,Stephanie Murphy,Mike Miller,Democratic,Republican,57.7,42.3,FL-07,Stephanie Murphy,Democratic,WON,FL,I,,,,
111,Bill Posey,Sanjay Patel,Republican,Democratic,60.5,39.5,FL-08,,,,,,,,,
112,Darren Soto,Wayne Liebnitzky,Democratic,Republican,58.0,42.0,FL-09,,,,,,,,,
113,Buddy Carter,Lisa Ring,Republican,Democratic,57.7,42.3,GA-01,Lisa M. Ring,Democratic,Lost,GA,C,,,,
114,Jody Hice,Tabitha Johnson-Green,Republican,Democratic,62.9,37.1,GA-10,Tabitha Johnson-Green,Democratic,Lost,GA,C,,,,
115,Barry Loudermilk,Flynn Broady,Republican,Democratic,61.8,38.2,GA-11,,,,,,,,,
116,Rick W. Allen,Francys Johnson,Republican,Democratic,59.5,40.5,GA-12,,,,,,,,,
117,David Scott,David Callahan,Democratic,Republican,76.2,23.8,GA-13,,,,,,,,,
118,Tom Graves,Steven Lamar Foster,Republican,Democratic,76.5,23.5,GA-14,,,,,,,,,
119,Sanford Bishop,Herman West,Democratic,Republican,59.7,40.3,GA-02,,,,,,,,,
120,Drew Ferguson,Chuck Enderlin,Republican,Democratic,65.5,34.5,GA-03,,,,,,,,,
121,Hank Johnson,Joe Profit,Democratic,Republican,78.9,21.1,GA-04,,,,,,,,,
122,John Lewis,"275,406",Democratic,Other,100.0,100.0,GA-05,,,,,,,,,
123,Lucy McBath,Karen Handel,Democratic,Republican,50.5,49.5,GA-06,Karen Handel,Republican,Lost,GA,I,Lucy McBath,Democratic,WON,C
124,Rob Woodall,Carolyn Bourdeaux,Republican,Democratic,50.075,49.925,GA-07,Carolyn Bourdeaux,Democratic,Lost,GA,C,,,,
125,Austin Scott,Jimmy Cooper (write-in),Republican,Other,99.7,0.3,GA-08,,,,,,,,,
126,Doug Collins,Josh McCall,Republican,Democratic,79.5,20.5,GA-09,,,,,,,,,
127,Ed Case,Cam Cavasso,Democratic,Republican,73.1,23.1,HI-01,,,,,,,,,
128,Tulsi Gabbard (incumbent),Brian Evans,Democratic,Republican,77.4,22.6,HI-02,Tulsi Gabbard,Democratic,WON,HI,I,,,,
129,Russ Fulcher,Cristina McNeil,Republican,Democratic,62.7,30.8,ID-01,Christina McNeil,Democratic,Lost,ID,O,,,,
130,Mike Simpson,Aaron Swisher,Republican,Democratic,60.7,39.3,ID-02,,,,,,,,,
131,Bobby Rush,"Jimmy Lee Tillman, II",Democratic,Republican,73.5,19.8,IL-01,,,,,,,,,
132,Brad Schneider,Douglas Bennett,Democratic,Republican,65.6,34.4,IL-10,,,,,,,,,
133,Bill Foster,Nick Stella,Democratic,Republican,63.8,36.2,IL-11,,,,,,,,,
134,Mike Bost,Brendan Kelly,Republican,Democratic,51.6,45.4,IL-12,,,,,,,,,
135,Rodney Davis,Betsy Dirksen Londrigan,Republican,Democratic,50.4,49.6,IL-13,Betsy Dirksen Londrigan,Democratic,Lost,IL,C,,,,
136,Lauren Underwood,Randy Hultgren,Democratic,Republican,52.5,47.5,IL-14,Lauren A. Underwood,Democratic,WON,IL,C,,,,
137,John Shimkus,Kevin Gaither,Republican,Democratic,70.9,29.1,IL-15,,,,,,,,,
138,Adam Kinzinger,Sara Dady,Republican,Democratic,59.1,40.9,IL-16,Sara Dady,Democratic,Lost,IL,C,,,,
139,Cheri Bustos,Bill Fawell,Democratic,Republican,62.1,37.9,IL-17,Cheri L. Bustos,Democratic,WON,IL,I,,,,
140,Darin LaHood,Junius Rodriguez,Republican,Democratic,67.2,32.8,IL-18,,,,,,,,,
141,Robin Kelly,David Merkle,Democratic,Republican,81.1,18.9,IL-02,Robin L. Kelly,Democratic,WON,IL,I,,,,
142,Dan Lipinski,Arthur Jones,Democratic,Republican,73.0,25.9,IL-03,,,,,,,,,
143,"Jesús ""Chuy"" García",Mark Lorch,Democratic,Republican,86.6,13.4,IL-04,,,,,,,,,
144,Mike Quigley,Tom Hanson,Democratic,Republican,76.7,23.3,IL-05,,,,,,,,,
145,Sean Casten,Peter Roskam,Democratic,Republican,53.6,46.4,IL-06,,,,,,,,,
146,Danny K. Davis,Craig Cameron,Democratic,Republican,87.6,12.4,IL-07,,,,,,,,,
147,Raja Krishnamoorthi,"Jitendra ""JD"" Diganvker",Democratic,Republican,66.0,34.0,IL-08,,,,,,,,,
148,Jan Schakowsky,John Elleson,Democratic,Republican,73.5,26.5,IL-09,Jan D. Schakowsky,Democratic,WON,IL,I,,,,
149,Pete Visclosky,Mark Leyva,Democratic,Republican,65.1,34.9,IN-01,,,,,,,,,
150,Jackie Walorski,Mel Hall,Republican,Democratic,54.8,45.2,IN-02,Jackie Swihart Walorski,Republican,WON,IN,I,,,,
151,Jim Banks,Courtney Tritch,Republican,Democratic,64.7,35.3,IN-03,Courtney Tritch,Democratic,Lost,IN,C,,,,
152,James Baird,Tobi Beck,Republican,Democratic,64.1,35.9,IN-04,Tobi Beck,Democratic,Lost,IN,O,,,,
153,Susan Brooks,Dee Thornton,Republican,Democratic,56.8,43.2,IN-05,Susan W. Brooks,Republican,WON,IN,I,Dee Thornton,Democratic,Lost,C
154,Greg Pence,Jeannine Lee Lake,Republican,Democratic,63.8,32.9,IN-06,Jeannine Lee Lake,Democratic,Lost,IN,O,,,,
155,André Carson,Wayne Harmon,Democratic,Republican,64.9,35.1,IN-07,,,,,,,,,
156,Larry Bucshon,William Tanoos,Republican,Democratic,64.4,35.6,IN-08,,,,,,,,,
157,Trey Hollingsworth,Liz Watson,Republican,Democratic,56.5,43.5,IN-09,Liz Watson,Democratic,Lost,IN,C,,,,
158,Abby Finkenauer,Rod Blum,Democratic,Republican,51.0,45.9,IA-01,Abby Finkenauer,Democratic,WON,IA,C,,,,
159,Dave Loebsack,Christopher Peters,Democratic,Republican,54.8,42.6,IA-02,,,,,,,,,
160,Cindy Axne,David Young,Democratic,Republican,49.3,47.1,IA-03,Cindy Axne,Democratic,WON,IA,C,,,,
161,Steve King,J. D. Scholten,Republican,Democratic,50.3,47.0,IA-04,,,,,,,,,
162,Roger Marshall,Alan LaPolice,Republican,Democratic,68.1,31.9,KS-01,,,,,,,,,
163,Steve Watkins,Paul Davis,Republican,Democratic,47.6,46.8,KS-02,,,,,,,,,
164,Sharice Davids,Kevin Yoder,Democratic,Republican,53.6,43.9,KS-03,Sharice Davids,Democratic,WON,KS,C,,,,
165,Ron Estes,James Thompson,Republican,Democratic,59.4,40.6,KS-04,,,,,,,,,
166,James Comer,Paul Walker,Republican,Democratic,68.6,31.4,KY-01,,,,,,,,,
167,Brett Guthrie,Hank Linderman,Republican,Democratic,66.7,31.1,KY-02,,,,,,,,,
168,John Yarmuth,Vickie Yates Glisson,Democratic,Republican,62.1,36.6,KY-03,Vickie Yates B. Glisson,Republican,Lost,KY,C,,,,
169,Thomas Massie,Seth Hall,Republican,Democratic,62.2,34.6,KY-04,,,,,,,,,
170,Hal Rogers,Kenneth Stepp,Republican,Democratic,78.9,21.0,KY-05,,,,,,,,,
171,Andy Barr,Amy McGrath,Republican,Democratic,51.0,47.8,KY-06,Amy McGrath,Democratic,Lost,KY,C,,,,
172,Steve Scalise,Tammy Savoie,Republican,Democratic,71.5,16.4,LA-01,Tammy Savoie,Democratic,Lost,LA,C,Lee Ann Dugas,Democratic,Lost,C
173,Cedric Richmond,Jesse Schmidt,Democratic,Other,80.6,8.7,LA-02,,,,,,,,,
174,Clay Higgins,Mimi Methvin,Republican,Democratic,55.7,17.8,LA-03,Mimi Methvin,Democratic,Lost,LA,C,,,,
175,Mike Johnson,Ryan Trundle,Republican,Democratic,64.2,33.6,LA-04,,,,,,,,,
176,Ralph Abraham,Jessee Carlton Fleenor,Republican,Democratic,66.5,30.0,LA-05,,,,,,,,,
177,Garret Graves,Justin DeWitt,Republican,Democratic,69.5,20.5,LA-06,Andie Saizan,Democratic,Lost,LA,C,,,,
178,Chellie Pingree,Mark Holbrook,Democratic,Republican,58.8,32.5,ME-01,Chellie M. Pingree,Democratic,WON,ME,I,,,,
179,Jared Golden,Bruce Poliquin,Democratic,Republican,50.62,49.38,ME-02,,,,,,,,,
180,Andy Harris,Jesse Colvin,Republican,Democratic,60.0,38.1,MD-01,,,,,,,,,
181,Dutch Ruppersberger,Liz Matory,Democratic,Republican,66.0,30.7,MD-02,Elizabeth Matory,Republican,Lost,MD,C,,,,
182,John Sarbanes,Charles Anthony,Democratic,Republican,69.1,28.3,MD-03,,,,,,,,,
183,Anthony G. Brown,George McDermott,Democratic,Republican,78.1,19.9,MD-04,,,,,,,,,
184,Steny Hoyer,William Devine III,Democratic,Republican,70.3,27.1,MD-05,,,,,,,,,
185,David Trone,Amie Hoeber,Democratic,Republican,59.0,38.0,MD-06,Amie Hoeber,Republican,Lost,MD,O,,,,
186,Elijah Cummings,Richmond Davis,Democratic,Republican,76.4,21.3,MD-07,,,,,,,,,
187,Jamie Raskin,John Walsh,Democratic,Republican,68.2,30.2,MD-08,,,,,,,,,
188,Richard Neal,Write-ins,Democratic,Other,97.6,2.4,MA-01,,,,,,,,,
189,Jim McGovern,Tracy Lovvorn,Democratic,Republican,67.1,32.8,MA-02,Tracy Lovvorn,Republican,Lost,MA,C,,,,
190,Lori Trahan,Rick Green,Democratic,Republican,62.0,33.4,MA-03,Lori Trahan,Democratic,WON,MA,O,,,,
191,Joe Kennedy III,Write-ins,Democratic,Other,97.7,2.3,MA-04,,,,,,,,,
192,Katherine Clark,John Hugo,Democratic,Republican,75.9,24.0,MA-05,Katherine M. Clark,Democratic,WON,MA,I,,,,
193,Seth Moulton,Joseph Schneider,Democratic,Republican,65.2,31.4,MA-06,,,,,,,,,
194,Ayanna Pressley,Write-ins,Democratic,Other,98.2,1.8,MA-07,Ayanna Pressley,Democratic,WON,MA,O,,,,
195,Stephen Lynch,Write-ins,Democratic,Other,98.4,1.6,MA-08,,,,,,,,,
196,Bill Keating,Peter Tedeschi,Democratic,Republican,59.4,40.6,MA-09,,,,,,,,,
197,Jack Bergman,Matt Morgan,Republican,Democratic,56.3,43.7,MI-01,,,,,,,,,
198,Paul Mitchell,Kimberly Bizon,Republican,Democratic,60.8,35.0,MI-10,Kimberly Bizon,Democratic,Lost,MI,C,,,,
199,Haley Stevens,Lena Epstein,Democratic,Republican,51.8,45.2,MI-11,Haley Stevens,Democratic,WON,MI,O,Lena Epstein,Republican,Lost,O
200,Debbie Dingell,Jeff Jones,Democratic,Republican,68.1,28.9,MI-12,Debbie Dingell,Democratic,WON,MI,I,,,,
201,Rashida Tlaib,Sam Johnson,Democratic,Other,84.2,11.3,MI-13,Brenda Jones,Democratic,WON,MI,O,Rashida Tlaib,Democratic,WON,O
202,Brenda Lawrence,Marc Herschfus,Democratic,Republican,80.9,17.3,MI-14,Brenda L. Lawrence,Democratic,WON,MI,I,,,,
203,Bill Huizenga,Rob Davidson,Republican,Democratic,55.3,43.0,MI-02,,,,,,,,,
204,Justin Amash,Cathy Albro,Republican,Democratic,54.4,43.2,MI-03,Cathy Albro,Democratic,Lost,MI,C,,,,
205,John Moolenaar,Jerry Hilliard,Republican,Democratic,62.6,37.4,MI-04,,,,,,,,,
206,Dan Kildee,Travis Wines,Democratic,Republican,59.5,35.9,MI-05,,,,,,,,,
207,Fred Upton,Matt Longjohn,Republican,Democratic,50.2,45.7,MI-06,,,,,,,,,
208,Tim Walberg,Gretchen Driskell,Republican,Democratic,53.8,46.2,MI-07,Gretchen D. Driskell,Democratic,Lost,MI,C,,,,
209,Elissa Slotkin,Mike Bishop,Democratic,Republican,50.6,46.8,MI-08,Elissa Slotkin,Democratic,WON,MI,C,,,,
210,Andy Levin,Candius Stearns,Democratic,Republican,59.7,36.8,MI-09,Candius Stearns,Republican,Lost,MI,O,,,,
211,Jim Hagedorn,Dan Feehan,Republican,Other,50.1,49.7,MN-01,,,,,,,,,
212,Angie Craig,Jason Lewis,Other,Republican,52.7,47.1,MN-02,Angela Craig,Democratic,WON,MN,C,,,,
213,Dean Phillips,Erik Paulsen,Other,Republican,55.6,44.2,MN-03,,,,,,,,,
214,Betty McCollum,Greg Ryan,Other,Republican,66.0,29.7,MN-04,Betty McCollum,Democratic,WON,MN,I,,,,
215,Ilhan Omar,Jennifer Zielinski,Other,Republican,78.0,21.7,MN-05,Jennifer L. Zielinski,Republican,Lost,MN,O,Ilhan Omar,Democratic,WON,O
216,Tom Emmer,Ian Todd,Republican,Other,61.1,38.7,MN-06,,,,,,,,,
217,Collin Peterson,Dave Hughes,Other,Republican,52.1,47.8,MN-07,,,,,,,,,
218,Pete Stauber,Joe Radinovich,Republican,Other,50.7,45.2,MN-08,,,,,,,,,
219,Trent Kelly,Randy Wadkins,Republican,Democratic,66.9,32.4,MS-01,,,,,,,,,
220,Bennie Thompson,Troy Ray,Democratic,Other,71.8,21.7,MS-02,,,,,,,,,
221,Michael Guest,Michael Evans,Republican,Democratic,62.3,36.7,MS-03,,,,,,,,,
222,Steven Palazzo,Jeramey Anderson,Republican,Democratic,68.2,30.8,MS-04,,,,,,,,,
223,Lacy Clay,Robert Vroman,Democratic,Republican,80.1,16.7,MO-01,,,,,,,,,
224,Ann Wagner,Cort VanOstran,Republican,Democratic,51.2,47.2,MO-02,Ann L. Wagner,Republican,WON,MO,I,,,,
225,Blaine Luetkemeyer,Katy Geppert,Republican,Democratic,65.1,32.8,MO-03,Katy Geppert,Democratic,Lost,MO,C,,,,
226,Vicky Hartzler,Renee Hoagenson,Republican,Democratic,64.8,32.7,MO-04,Vicky Jo Hartzler,Republican,WON,MO,I,Suzanne Renee Hoagenson,Democratic,Lost,C
227,Emanuel Cleaver,Jacob Turk,Democratic,Republican,61.7,35.6,MO-05,,,,,,,,,
228,Sam Graves,Henry Martin,Republican,Democratic,65.4,32.0,MO-06,,,,,,,,,
229,Billy Long,Jamie Schoolcraft,Republican,Democratic,66.2,30.1,MO-07,,,,,,,,,
230,Jason Smith,Kathy Ellis,Republican,Democratic,73.4,25.0,MO-08,Kathryn Ellis,Democratic,Lost,MO,C,,,,
231,Greg Gianforte,Kathleen Williams,Republican,Democratic,50.9,46.2,MT-00,Kathleen Williams,Democratic,Lost,MT,C,,,,
232,Jeff Fortenberry,Jessica McClure,Republican,Democratic,60.4,39.6,NE-01,Jessica McClure,Democratic,Lost,NE,C,,,,
233,Don Bacon,Kara Eastman,Republican,Democratic,51.0,49.0,NE-02,Kara Eastman,Democratic,Lost,NE,C,,,,
234,Adrian Smith,Paul Theobald,Republican,Democratic,76.7,23.3,NE-03,,,,,,,,,
235,Dina Titus,Joyce Bentley,Democratic,Republican,66.2,30.9,NV-01,Dina C. Titus,Democratic,WON,NV,I,Joyce F. Bentley,Republican,Lost,C
236,Mark Amodei,Clint Koble,Republican,Democratic,58.2,41.8,NV-02,,,,,,,,,
237,Susie Lee,Danny Tarkanian,Democratic,Republican,51.9,42.8,NV-03,Susie Lee,Democratic,WON,NV,O,,,,
238,Steven Horsford,Cresent Hardy,Democratic,Republican,51.9,43.8,NV-04,,,,,,,,,
239,Chris Pappas,Eddie Edwards,Democratic,Republican,53.6,45.0,NH-01,,,,,,,,,
240,Ann McLane Kuster,Steve Negron,Democratic,Republican,55.5,42.2,NH-02,Ann McLane Kuster,Democratic,WON,NH,I,,,,
241,Donald Norcross,Paul E. Dilks,Democratic,Republican,64.4,33.3,NJ-01,,,,,,,,,
242,Donald M. Payne Jr.,Agha Khan,Democratic,Republican,87.6,10.1,NJ-10,,,,,,,,,
243,Mikie Sherrill,Jay Webber,Democratic,Republican,56.8,42.1,NJ-11,Mikie Sherrill,Democratic,WON,NJ,O,,,,
244,Bonnie Watson Coleman,Daryl Kipnis,Democratic,Republican,68.7,31.3,NJ-12,Bonnie Watson Coleman,Democratic,WON,NJ,I,,,,
245,Jeff Van Drew,Seth Grossman,Democratic,Republican,52.9,45.2,NJ-02,,,,,,,,,
246,Andy Kim,Tom MacArthur,Democratic,Republican,50.0,48.7,NJ-03,,,,,,,,,
247,Christopher H. Smith,Joshua Welle,Republican,Democratic,55.4,43.1,NJ-04,,,,,,,,,
248,Josh Gottheimer,John J. McCann,Democratic,Republican,56.2,42.5,NJ-05,,,,,,,,,
249,Frank Pallone Jr.,Richard J. Pezzullo,Democratic,Republican,63.6,36.4,NJ-06,,,,,,,,,
250,Tom Malinowski,Leonard Lance,Democratic,Republican,51.7,46.7,NJ-07,,,,,,,,,
251,Albio Sires,John R. Muniz,Democratic,Republican,78.1,18.7,NJ-08,,,,,,,,,
252,Bill Pascrell Jr.,Eric P. Fisher,Democratic,Republican,70.3,28.9,NJ-09,,,,,,,,,
253,Deb Haaland,Janice Arnold-Jones,Democratic,Republican,59.1,36.3,NM-01,Debra A. Haaland,Democratic,WON,NM,O,Janice Arnold-Jones,Republican,Lost,O
254,Xochitl Torres Small,Yvette Herrell,Democratic,Republican,50.9,49.1,NM-02,Yvette Herrell,Republican,Lost,NM,O,Xochitl Torres Small,Democratic,WON,O
255,Ben Ray Luján,Jerald Steve McFall,Democratic,Republican,63.4,31.2,NM-03,,,,,,,,,
256,Lee Zeldin,Lee Zeldin,Republican,Other,45.0,5.3,NY-01,,,,,,,,,
257,Jerrold Nadler,Naomi Levin,Democratic,Republican,82.1,17.9,NY-10,Naomi Levin,Republican,Lost,NY,C,,,,
258,Max Rose,Max Rose,Democratic,Other,50.4,2.0,NY-11,,,,,,,,,
259,Carolyn Maloney,Carolyn Maloney,Democratic,Other,81.8,4.4,NY-12,Carolyn B. Maloney,Democratic,WON,NY,I,,,,
260,Adriano Espaillat,Jineea Butler,Democratic,Republican,94.6,5.4,NY-13,Jineea Butler,Republican,Lost,NY,C,,,,
261,Alexandria Ocasio-Cortez,Anthony Pappas,Democratic,Republican,78.2,13.6,NY-14,Alexandria Ocasio-Cortez,Democratic,WON,NY,O,,,,
262,José Serrano,José Serrano,Democratic,Other,94.1,1.9,NY-15,,,,,,,,,
263,Eliot Engel,Eliot Engel,Democratic,Other,94.9,3.7,NY-16,,,,,,,,,
264,Nita Lowey,Nita Lowey,Democratic,Other,82.7,3.8,NY-17,Nita M. Lowey,Democratic,WON,NY,I,,,,
265,Sean Patrick Maloney,Sean Patrick Maloney,Democratic,Other,50.2,3.1,NY-18,,,,,,,,,
266,Antonio Delgado,Antonio Delgado,Democratic,Other,47.1,3.2,NY-19,,,,,,,,,
267,Peter T. King,Liuba Grechen Shirley,Republican,Democratic,53.1,46.9,NY-02,Liuba Grechen Shirley,Democratic,Lost,NY,C,,,,
268,Paul Tonko,Paul Tonko,Democratic,Other,60.7,3.8,NY-20,,,,,,,,,
269,Elise Stefanik,Elise Stefanik,Republican,Other,49.5,4.9,NY-21,Elise M. Stefanik,Republican,WON,NY,I,Tedra L. Cobb,Democratic,Lost,C
270,Anthony Brindisi,Claudia Tenney,Democratic,Republican,50.9,49.1,NY-22,Claudia Tenney,Republican,Lost,NY,I,,,,
271,Tom Reed,Tracy Mitrano,Republican,Democratic,54.2,45.8,NY-23,Tracy Mitrano,Democratic,Lost,NY,C,,,,
272,John Katko,Dana Balter,Republican,Democratic,52.6,47.4,NY-24,Dana Balter,Democratic,Lost,NY,C,,,,
273,Joseph Morelle,Jim Maxwell,Democratic,Republican,59.0,41.0,NY-25,,,,,,,,,
274,Brian Higgins,Renee Zeno,Democratic,Republican,73.3,26.7,NY-26,Renee M. Zeno,Republican,Lost,NY,C,,,,
275,Chris Collins,Chris Collins,Republican,Other,40.2,8.2,NY-27,,,,,,,,,
276,Tom Suozzi,Tom Suozzi,Democratic,Other,56.2,1.1,NY-03,,,,,,,,,
277,Kathleen Rice,Kathleen Rice,Democratic,Other,60.2,1.1,NY-04,Kathleen M. Rice,Democratic,WON,NY,I,,,,
278,Gregory Meeks,,Democratic,Other,100.0,0.0,NY-05,,,,,,,,,
279,Grace Meng,Grace Meng,Democratic,Other,84.9,5.2,NY-06,Grace Meng,Democratic,WON,NY,I,,,,
280,Nydia Velázquez,Nydia Velázquez,Democratic,Other,85.4,8.0,NY-07,Nydia M. Velazquez,Democratic,WON,NY,I,,,,
281,Hakeem Jeffries,Hakeem Jeffries,Democratic,Other,89.3,5.0,NY-08,,,,,,,,,
282,Yvette Clarke,Yvette Clarke,Democratic,Other,82.3,7.0,NY-09,Yvette D. Clarke,Democratic,WON,NY,I,,,,
283,G. K. Butterfield,Roger Allison,Democratic,Republican,69.9,30.2,NC-01,,,,,,,,,
284,Patrick McHenry,David Wilson Brown,Republican,Democratic,59.3,40.7,NC-10,,,,,,,,,
285,Mark Meadows,Phillip Price,Republican,Democratic,59.2,38.8,NC-11,,,,,,,,,
286,Alma Adams,Paul Wright,Democratic,Republican,73.1,26.9,NC-12,Alma S. Adams,Democratic,WON,NC,I,,,,
287,Ted Budd,Kathy Manning,Republican,Democratic,51.5,45.6,NC-13,Kathy Manning,Democratic,Lost,NC,C,,,,
288,George Holding,Linda Coleman,Republican,Democratic,51.3,45.8,NC-02,Linda D. Coleman,Democratic,Lost,NC,C,,,,
289,"Walter B. Jones, Jr.",,Republican,Other,100.0,0.0,NC-03,,,,,,,,,
290,David Price,Steve Loor,Democratic,Republican,72.4,24.0,NC-04,,,,,,,,,
291,Virginia Foxx,Denise D. Adams,Republican,Democratic,57.0,43.0,NC-05,Virginia A. Foxx,Republican,WON,NC,I,Denise Darcel Adams,Democratic,Lost,C
292,Mark Walker,Ryan Watts,Republican,Democratic,56.5,43.5,NC-06,,,,,,,,,
293,David Rouzer,Kyle Horton,Republican,Democratic,55.5,42.8,NC-07,Kyle Horton,Democratic,Lost,NC,C,,,,
294,Richard Hudson,Frank McNeill,Republican,Democratic,55.3,44.7,NC-08,,,,,,,,,
295,Mark Harris,Dan McCready,Republican,Democratic,49.25,48.93,NC-09,,,,,,,,,
296,Kelly Armstrong,Mac Schneider,Republican,Other,60.2,35.6,ND-00,,,,,,,,,
297,Steve Chabot,Aftab Pureval,Republican,Democratic,51.3,46.9,OH-01,,,,,,,,,
298,Mike Turner,Theresa Gasper,Republican,Democratic,55.9,42.2,OH-10,Theresa Gasper,Democratic,Lost,OH,C,,,,
299,Marcia Fudge,Beverly A. Goldstein,Democratic,Republican,82.2,17.8,OH-11,Marcia L. Fudge,Democratic,WON,OH,I,Beverly Goldstein,Republican,Lost,C
300,Tim Ryan,Chris DePizzo,Democratic,Republican,61.0,39.0,OH-13,,,,,,,,,
301,David Joyce,Betsy Rader,Republican,Democratic,55.2,44.6,OH-14,Betsy Rader,Democratic,Lost,OH,C,,,,
302,Steve Stivers,Rick Neal,Republican,Democratic,58.3,39.7,OH-15,,,,,,,,,
303,Anthony Gonzalez,Susan Moran Palmer,Republican,Democratic,56.7,43.3,OH-16,Susan Moran Palmer,Democratic,Lost,OH,O,,,,
304,Brad Wenstrup,Jill Schiller,Republican,Democratic,57.6,41.2,OH-02,Jill Schiller,Democratic,Lost,OH,C,,,,
305,Joyce Beatty,Jim Burgess,Democratic,Republican,73.6,26.4,OH-03,Joyce B. Beatty,Democratic,WON,OH,I,,,,
306,Jim Jordan,Janet Garrett,Republican,Democratic,65.3,34.7,OH-04,Janet Garrett,Democratic,Lost,OH,C,,,,
307,Bob Latta,J. Michael Galbraith,Republican,Democratic,62.3,35.1,OH-05,,,,,,,,,
308,Bill Johnson,Shawna Roberts,Republican,Democratic,69.2,30.8,OH-06,Shawna Roberts,Democratic,Lost,OH,C,,,,
309,Bob Gibbs,Ken Harbaugh,Republican,Democratic,58.7,41.3,OH-07,,,,,,,,,
310,Warren Davidson,Vanessa Enoch,Republican,Democratic,66.6,33.4,OH-08,Vanessa L. Enoch,Democratic,Lost,OH,C,,,,
311,Marcy Kaptur,Steve Kraus,Democratic,Republican,67.8,32.2,OH-09,Marcy C. Kaptur,Democratic,WON,OH,I,,,,
312,Kevin Hern,Tim Gilpin,Republican,Democratic,59.3,40.7,OK-01,,,,,,,,,
313,Markwayne Mullin,Jason Nichols,Republican,Democratic,65.0,30.1,OK-02,,,,,,,,,
314,Frank Lucas,Frankie Robbins,Republican,Democratic,73.9,26.1,OK-03,,,,,,,,,
315,Tom Cole,Mary Brannon,Republican,Democratic,63.1,33.0,OK-04,Mary Brannon,Democratic,Lost,OK,C,,,,
316,Kendra Horn,Steve Russell,Democratic,Republican,50.7,49.3,OK-05,Kendra Horn,Democratic,WON,OK,C,,,,
317,Suzanne Bonamici,John Verbeek,Democratic,Republican,63.6,32.1,OR-01,Suzanne M. Bonamici,Democratic,WON,OR,I,,,,
318,Greg Walden,Jamie McLeod-Skinner,Republican,Democratic,56.3,39.4,OR-02,Jamie McLeod-Skinner,Democratic,Lost,OR,C,,,,
319,Earl Blumenauer,Tom Harrison,Democratic,Republican,72.6,19.8,OR-03,,,,,,,,,
320,Peter DeFazio,Art Robinson,Democratic,Republican,56.0,40.9,OR-04,,,,,,,,,
321,Kurt Schrader,Mark Callahan,Democratic,Republican,55.0,41.8,OR-05,,,,,,,,,
322,Brian Fitzpatrick,Scott Wallace,Republican,Democratic,51.3,48.7,PA-01,,,,,,,,,
323,Scott Perry,George Scott,Republican,Democratic,51.3,48.7,PA-10,,,,,,,,,
324,Lloyd Smucker,Jess King,Republican,Democratic,59.0,41.0,PA-11,Jessica King,Democratic,Lost,PA,C,,,,
325,Tom Marino,Marc Friedenburg,Republican,Democratic,66.0,34.0,PA-12,,,,,,,,,
326,John Joyce,Brent Ottaway,Republican,Democratic,70.5,29.5,PA-13,,,,,,,,,
327,Guy Reschenthaler,Bibiana Boerio,Republican,Democratic,57.9,42.1,PA-14,Bibiana Boerio,Democratic,Lost,PA,O,,,,
328,G.T. Thompson,Susan Boser,Republican,Democratic,67.8,32.2,PA-15,Susan Boser,Democratic,Lost,PA,C,,,,
329,Mike Kelly,Ronald DiNicola,Republican,Democratic,51.6,47.3,PA-16,,,,,,,,,
330,Conor Lamb,Keith Rothfus,Democratic,Republican,56.3,43.7,PA-17,,,,,,,,,
331,Brendan Boyle,David Torres,Democratic,Republican,79.0,21.0,PA-02,,,,,,,,,
332,Dwight Evans,Bryan E. Leib,Democratic,Republican,93.4,6.6,PA-03,,,,,,,,,
333,Madeleine Dean,Dan David,Democratic,Republican,63.5,36.5,PA-04,Madeleine Dean,Democratic,WON,PA,O,,,,
334,Mary Gay Scanlon,Pearl Kim,Democratic,Republican,65.2,34.8,PA-05,Pearl Kim,Republican,Lost,PA,O,Mary Gay Scanlon,Democratic,WON,O
335,Chrissy Houlahan,Greg McCauley,Democratic,Republican,58.9,41.1,PA-06,Chrissy Houlahan,Democratic,WON,PA,O,,,,
336,Susan Wild,Marty Nothstein,Democratic,Republican,53.5,43.5,PA-07,Susan Ellis Wild,Democratic,WON,PA,O,,,,
337,Matt Cartwright,John Chrin,Democratic,Republican,54.6,45.4,PA-08,,,,,,,,,
338,Dan Meuser,Denny Wolff,Republican,Democratic,59.7,40.3,PA-09,,,,,,,,,
339,David Cicilline,Patrick Donovan,Democratic,Republican,66.7,33.1,RI-01,,,,,,,,,
340,James Langevin,Sal Caiozzo,Democratic,Republican,63.5,36.3,RI-02,,,,,,,,,
341,Joe Cunningham,Katie Arrington,Democratic,Republican,50.6,49.2,SC-01,Katherine E. Arrington,Republican,Lost,SC,O,,,,
342,Joe Wilson,Sean Carrigan,Republican,Democratic,56.2,42.5,SC-02,,,,,,,,,
343,Jeff Duncan,Mary Geren,Republican,Democratic,67.8,31.0,SC-03,Mary Smith Geren,Democratic,Lost,SC,C,,,,
344,William Timmons,Brandon Brown,Republican,Democratic,59.6,36.6,SC-04,,,,,,,,,
345,Ralph Norman,Archie Parnell,Republican,Democratic,57.0,41.5,SC-05,,,,,,,,,
346,Jim Clyburn,Gerhard Gressmann,Democratic,Republican,70.1,28.2,SC-06,,,,,,,,,
347,Tom Rice,Robert Williams,Republican,Democratic,59.6,40.3,SC-07,,,,,,,,,
348,Dusty Johnson,Tim Bjorkman,Republican,Democratic,60.3,36.0,SD-00,,,,,,,,,
349,Phil Roe,Marty Olsen,Republican,Democratic,77.1,21.0,TN-01,,,,,,,,,
350,Tim Burchett,Renee Hoyos,Republican,Democratic,65.9,33.1,TN-02,Renee Hoyos,Democratic,Lost,TN,O,,,,
351,Chuck Fleischmann,Danielle Mitchell,Republican,Democratic,63.7,34.5,TN-03,Danielle Mitchell,Democratic,Lost,TN,C,,,,
352,Scott DesJarlais,Mariah Phillips,Republican,Democratic,63.4,33.6,TN-04,Mariah N. Phillips,Democratic,Lost,TN,C,,,,
353,Jim Cooper,Jody Ball,Democratic,Republican,67.8,32.2,TN-05,,,,,,,,,
354,John Rose,Dawn Barlow,Republican,Democratic,69.5,28.3,TN-06,,,,,,,,,
355,Mark Green,Justin Kanew,Republican,Democratic,66.9,32.1,TN-07,,,,,,,,,
356,David Kustoff,Erika Pearson,Republican,Democratic,67.7,30.1,TN-08,Erika Stotts Pearson,Democratic,Lost,TN,C,,,,
357,Steve Cohen,Charlotte Bergmann,Democratic,Republican,80.0,19.2,TN-09,Charlotte Bergmann,Republican,Lost,TN,C,,,,
358,Louie Gohmert,Shirley McKellar,Republican,Democratic,72.3,26.3,TX-01,Shirley J. McKellar,Democratic,Lost,TX,C,,,,
359,Michael McCaul,Mike Siegel,Republican,Democratic,51.1,46.8,TX-10,,,,,,,,,
360,Mike Conaway,Jennie Lou Leeder,Republican,Democratic,80.1,18.5,TX-11,Jennie Lou Leeder,Democratic,Lost,TX,C,,,,
361,Kay Granger,Vanessa Adia,Republican,Democratic,64.3,33.9,TX-12,Kay N. Granger,Republican,WON,TX,I,Vanessa M. Adia,Democratic,Lost,C
362,Mac Thornberry,Greg Sagan,Republican,Democratic,81.6,16.9,TX-13,,,,,,,,,
363,Randy Weber,Adrienne Bell,Republican,Democratic,59.2,39.3,TX-14,Adrienne Bell,Democratic,Lost,TX,C,,,,
364,Vicente González,Tim Westley,Democratic,Republican,59.7,38.7,TX-15,,,,,,,,,
365,Veronica Escobar,Rick Seeberger,Democratic,Republican,68.5,27.0,TX-16,Veronica Escobar,Democratic,WON,TX,O,,,,
366,Bill Flores,Rick Kennedy,Republican,Democratic,56.8,41.3,TX-17,,,,,,,,,
367,Sheila Jackson Lee,Ava Reynero Pate,Democratic,Republican,75.3,20.8,TX-18,Sheila Jackson Lee,Democratic,WON,TX,I,Ava Pate,Republican,Lost,C
368,Jodey Arrington,Miguel Levario,Republican,Democratic,75.2,24.8,TX-19,,,,,,,,,
369,Dan Crenshaw,Todd Litton,Republican,Democratic,52.8,45.6,TX-02,,,,,,,,,
370,Joaquín Castro,Jeffrey Blunt,Democratic,Other,80.9,19.1,TX-20,,,,,,,,,
371,Chip Roy,Joseph Kopser,Republican,Democratic,50.3,47.6,TX-21,,,,,,,,,
372,Pete Olson,Sri Preston Kulkarni,Republican,Democratic,51.4,46.4,TX-22,,,,,,,,,
373,Will Hurd,Gina Ortiz Jones,Republican,Democratic,49.2,48.7,TX-23,Gina Ortiz Jones,Democratic,Lost,TX,C,,,,
374,Kenny Marchant,Jan McDowell,Republican,Democratic,50.6,47.5,TX-24,Jan McDowell,Democratic,Lost,TX,C,,,,
375,Roger Williams,Julie Oliver,Republican,Democratic,53.5,44.8,TX-25,Julie K. Oliver,Democratic,Lost,TX,C,,,,
376,Michael C. Burgess,Linsey Fagan,Republican,Democratic,59.4,39.0,TX-26,Linsey E. Fagan,Democratic,Lost,TX,C,,,,
377,Henry Cuellar,Arthur Thomas IV,Democratic,Other,84.4,15.6,TX-28,,,,,,,,,
378,Sylvia Garcia,Phillip Aronoff,Democratic,Republican,75.1,23.9,TX-29,Sylvia R. Garcia,Democratic,WON,TX,O,,,,
379,Van Taylor,Lorie Burch,Republican,Democratic,54.2,44.2,TX-03,Lorie L. Burch,Democratic,Lost,TX,O,,,,
380,Eddie Bernice Johnson,Shawn Jones,Democratic,Other,91.1,8.9,TX-30,Eddie Bernice Johnson,Democratic,WON,TX,I,,,,
381,John Carter,MJ Hegar,Republican,Democratic,50.6,47.7,TX-31,MJ Hegar,Democratic,Lost,TX,C,,,,
382,Colin Allred,Pete Sessions,Democratic,Republican,52.3,45.7,TX-32,,,,,,,,,
383,Marc Veasey,Willie Billups,Democratic,Republican,76.2,21.9,TX-33,,,,,,,,,
384,Filemon Vela Jr.,Rey Gonzalez,Democratic,Republican,60.0,40.0,TX-34,,,,,,,,,
385,Lloyd Doggett,David Smalling,Democratic,Republican,71.3,26.0,TX-35,,,,,,,,,
386,Brian Babin,Dayna Steele,Republican,Democratic,72.6,27.4,TX-36,Dayna Steele,Democratic,Lost,TX,C,,,,
387,John Ratcliffe,Catherine Krantz,Republican,Democratic,75.7,23.0,TX-04,Catherine Krantz,Democratic,Lost,TX,C,,,,
388,Lance Gooden,Dan Wood,Republican,Democratic,62.3,37.6,TX-05,,,,,,,,,
389,Ron Wright,Jana Lynne Sanchez,Republican,Democratic,53.1,44.4,TX-06,Jana L. Sanchez,Democratic,Lost,TX,O,,,,
390,Lizzie Pannill Fletcher,John Culberson,Democratic,Republican,52.5,47.5,TX-07,Elizabeth Pannill Fletcher,Democratic,WON,TX,C,,,,
391,Kevin Brady,Steven David,Republican,Democratic,73.4,24.9,TX-08,,,,,,,,,
392,Al Green,Phil Kurtz,Democratic,Other,89.1,3.9,TX-09,,,,,,,,,
393,Rob Bishop (incumbent),Lee Castillo,Republican,Democratic,61.6,24.9,UT-01,,,,,,,,,
394,Chris Stewart (incumbent),Shireen Ghorbani,Republican,Democratic,56.1,38.9,UT-02,Shireen S. Ghorbani,Democratic,Lost,UT,C,,,,
395,John Curtis (incumbent),James Singer,Republican,Democratic,67.5,27.3,UT-03,,,,,,,,,
396,Ben McAdams,Mia Love,Democratic,Republican,50.1,49.9,UT-04,Mia B. Love,Republican,Lost,UT,I,,,,
397,Peter Welch,Anya Tynio,Democratic,Republican,69.2,26.0,VT-00,Anya Tynio,Republican,Lost,VT,C,,,,
398,Rob Wittman,Vangie Williams,Republican,Democratic,55.2,44.7,VA-01,Vangie Williams,Democratic,Lost,VA,C,,,,
399,Jennifer Wexton,Barbara Comstock,Democratic,Republican,56.1,43.7,VA-10,Barbara J. Comstock,Republican,Lost,VA,I,Jennifer Wexton,Democratic,WON,C
400,Gerry Connolly,Jeff Dove,Democratic,Republican,71.1,26.9,VA-11,,,,,,,,,
401,Elaine Luria,Scott Taylor,Democratic,Republican,51.1,48.8,VA-02,Elaine G. Luria,Democratic,WON,VA,C,,,,
402,Bobby Scott,Write-ins,Democratic,Other,91.2,8.8,VA-03,,,,,,,,,
403,Donald McEachin,Ryan McAdams,Democratic,Republican,62.6,35.9,VA-04,,,,,,,,,
404,Denver Riggleman,Leslie Cockburn,Republican,Democratic,53.2,46.6,VA-05,Leslie Cockburn,Democratic,Lost,VA,O,,,,
405,Ben Cline,Jennifer Lewis,Republican,Democratic,59.7,40.2,VA-06,Jennifer L. Lewis,Democratic,Lost,VA,O,,,,
406,Abigail Spanberger,Dave Brat,Democratic,Republican,50.3,48.4,VA-07,Abigail D. Spanberger,Democratic,WON,VA,C,,,,
407,Don Beyer,Thomas Oh,Democratic,Republican,76.1,23.7,VA-08,,,,,,,,,
408,Morgan Griffith,Anthony Flaccavento,Republican,Democratic,65.2,34.7,VA-09,,,,,,,,,
409,Suzan DelBene,Jeffrey Beeler,Democratic,Republican,59.3,40.7,WA-01,Suzan K. DelBene,Democratic,WON,WA,I,,,,
410,Denny Heck,Joseph Brumbles,Democratic,Republican,61.5,38.5,WA-10,,,,,,,,,
411,Rick Larsen,Brian Luke,Democratic,Other,71.3,28.7,WA-02,,,,,,,,,
412,Jaime Herrera Beutler,Carolyn Long,Republican,Democratic,52.7,47.3,WA-03,Jaime L. Herrera Beutler,Republican,WON,WA,I,Carolyn Long,Democratic,Lost,C
413,Dan Newhouse,Christine Brown,Republican,Democratic,62.8,37.2,WA-04,Christine C. Brown,Democratic,Lost,WA,C,,,,
414,Cathy McMorris Rodgers,Lisa Brown,Republican,Democratic,54.8,45.2,WA-05,Cathy McMorris Rodgers,Republican,WON,WA,I,Lisa Brown,Democratic,Lost,C
415,Derek Kilmer,Douglas Dightman,Democratic,Republican,63.9,36.1,WA-06,,,,,,,,,
416,Pramila Jayapal,Craig Keller,Democratic,Republican,83.6,16.4,WA-07,Pramila Jayapal,Democratic,WON,WA,I,,,,
417,Kim Schrier,Dino Rossi,Democratic,Republican,52.4,47.6,WA-08,Kim Schrier,Democratic,WON,WA,O,,,,
418,Adam Smith,Sarah Smith,Democratic,Democratic,67.9,32.1,WA-09,Sarah Smith,Democratic,Lost,WA,C,,,,
419,David McKinley,Kendra Fershee,Republican,Democratic,64.6,35.4,WV-01,Kendra Jean Huard Fershee,Democratic,Lost,WV,C,,,,
420,Alex Mooney,Talley Sergent,Republican,Democratic,53.9,43.0,WV-02,R. Talley Sergent,Democratic,Lost,WV,C,,,,
421,Carol Miller,Richard Ojeda,Republican,Democratic,56.4,43.6,WV-03,Carol D. Miller,Republican,WON,WV,O,,,,
422,Bryan Steil,Randy Bryce,Republican,Democratic,54.6,42.2,WI-01,,,,,,,,,
423,Mark Pocan,Joey Wayne Reed (write-in),Democratic,Republican,97.4,0.0,WI-02,,,,,,,,,
424,Ron Kind,Steve Toft,Democratic,Republican,59.7,40.3,WI-03,,,,,,,,,
425,Gwen Moore,Tim Rogers,Democratic,Republican,75.6,21.7,WI-04,Gwen S. Moore,Democratic,WON,WI,I,,,,
426,Jim Sensenbrenner,Tom Palzewicz,Republican,Democratic,61.9,38.0,WI-05,,,,,,,,,
427,Glenn Grothman,Dan Kohl,Republican,Democratic,55.4,44.5,WI-06,,,,,,,,,
428,Sean Duffy,Margaret Engebretson,Republican,Democratic,60.1,38.5,WI-07,Margaret R. Engebretson,Democratic,Lost,WI,C,,,,
429,Mike Gallagher,Beau Liegeois,Republican,Democratic,63.7,36.3,WI-08,,,,,,,,,
430,Liz Cheney,Greg Hunter,Republican,Democratic,63.6,29.8,WY-00,Liz L. Cheney,Republican,WON,WY,I,,,,
